{
  "config": {
    "model_path": "models/autoencoder_model",
    "input_features": 6,
    "encoding_dim": 3,
    "threshold": 3.0,
    "batch_size": 32,
    "epochs": 100
  },
  "threshold": 1.3756030261516567,
  "threshold_history": [
    {
      "threshold": 1.3756030261516567,
      "timestamp": "2025-07-02T16:54:55.207158",
      "data_size": 15000
    }
  ],
  "training_history": {
    "loss": [
      0.9478796124458313,
      0.8637661337852478,
      0.8482253551483154,
      0.843025803565979,
      0.8397189974784851,
      0.83321213722229,
      0.8341220021247864,
      0.8357086777687073,
      0.8320189714431763,
      0.8268817663192749,
      0.8313946723937988,
      0.8298834562301636,
      0.8288074731826782,
      0.8306732773780823,
      0.8297575116157532,
      0.8293519616127014,
      0.8255739212036133,
      0.8263376355171204,
      0.8267920613288879,
      0.8250141739845276,
      0.8240335583686829,
      0.823255717754364,
      0.823978841304779,
      0.8237442970275879,
      0.8237035870552063,
      0.82297283411026,
      0.8222509026527405,
      0.8234489560127258,
      0.8238392472267151,
      0.8255300521850586,
      0.8199039697647095,
      0.8224743008613586,
      0.820325493812561,
      0.8227291107177734,
      0.8213832378387451
    ],
    "val_loss": [
      0.8537054061889648,
      0.7917890548706055,
      0.7797552943229675,
      0.7709087133407593,
      0.7672783732414246,
      0.7589714527130127,
      0.7586244940757751,
      0.7582091689109802,
      0.7599849700927734,
      0.7575204372406006,
      0.7555632591247559,
      0.7571620941162109,
      0.7537166476249695,
      0.7561516165733337,
      0.7560489773750305,
      0.7550044655799866,
      0.756604790687561,
      0.7568281292915344,
      0.7540602087974548,
      0.7535521388053894,
      0.7537885904312134,
      0.7539612054824829,
      0.7532888054847717,
      0.7538737058639526,
      0.7527165412902832,
      0.7541857957839966,
      0.7532526850700378,
      0.7538374662399292,
      0.7538225054740906,
      0.7538614869117737,
      0.7543711066246033,
      0.7545166611671448,
      0.7547314167022705,
      0.7544390559196472,
      0.7545989751815796
    ],
    "mae": [
      0.8303841948509216,
      0.7826758623123169,
      0.772997260093689,
      0.7697705030441284,
      0.7680437564849854,
      0.7647313475608826,
      0.7640290260314941,
      0.7644842863082886,
      0.7621985673904419,
      0.7596174478530884,
      0.7613414525985718,
      0.760234534740448,
      0.759194016456604,
      0.7606882452964783,
      0.7591598033905029,
      0.7586062550544739,
      0.7558563351631165,
      0.7561075091362,
      0.7557997107505798,
      0.7546877264976501,
      0.7538338899612427,
      0.7531194090843201,
      0.7525731325149536,
      0.7525613903999329,
      0.7523112893104553,
      0.7514144778251648,
      0.7510590553283691,
      0.7514191269874573,
      0.7512974739074707,
      0.7522009015083313,
      0.7481412887573242,
      0.7497378587722778,
      0.7483928203582764,
      0.7499371767044067,
      0.749457597732544
    ],
    "val_mae": [
      0.7823010087013245,
      0.7496376037597656,
      0.7442702054977417,
      0.7396312952041626,
      0.7373162508010864,
      0.732376217842102,
      0.7321178317070007,
      0.7318121790885925,
      0.732535183429718,
      0.7306903600692749,
      0.7289513945579529,
      0.7298189997673035,
      0.7274428009986877,
      0.7284647822380066,
      0.727962076663971,
      0.7269017696380615,
      0.7272000312805176,
      0.7269944548606873,
      0.724514901638031,
      0.7241302728652954,
      0.7240442633628845,
      0.7238050103187561,
      0.7231242060661316,
      0.7231019139289856,
      0.7218456268310547,
      0.7227109670639038,
      0.7218999862670898,
      0.7217150330543518,
      0.7213323712348938,
      0.7213326692581177,
      0.7216777205467224,
      0.7216132283210754,
      0.721708357334137,
      0.7213444113731384,
      0.7213419079780579
    ]
  },
  "input_features": 6,
  "encoding_dim": 3,
  "inference_count": 0,
  "anomaly_count": 0,
  "saved_at": "2025-07-02T16:54:55.451600"
}