{
  "config": {
    "model_path": "models/autoencoder_model",
    "input_features": 28,
    "encoding_dim": 10,
    "threshold": 0.02,
    "batch_size": 32,
    "epochs": 100
  },
  "threshold": 1.0368898808956146,
  "threshold_history": [
    {
      "threshold": 1.0368898808956146,
      "timestamp": "2025-07-01T13:51:12.222307",
      "data_size": 18000
    }
  ],
  "training_history": {
    "loss": [
      0.625085175037384,
      0.5796716213226318,
      0.5578398704528809,
      0.5464235544204712,
      0.5386024117469788,
      0.5351908802986145,
      0.5339431166648865,
      0.5314354300498962,
      0.5310426950454712,
      0.5293095111846924,
      0.5296927690505981,
      0.5276401042938232,
      0.5276370048522949,
      0.5261525511741638,
      0.5250137448310852,
      0.525297999382019,
      0.5248759388923645,
      0.5233944654464722,
      0.5245468020439148,
      0.5234453082084656,
      0.5226538777351379,
      0.5231931805610657,
      0.5230832099914551,
      0.52303147315979,
      0.5218836069107056,
      0.5205447673797607,
      0.5211915373802185,
      0.5212564468383789,
      0.5203142762184143,
      0.5207534432411194,
      0.5212264657020569,
      0.5200142860412598,
      0.5198507308959961,
      0.5200368165969849,
      0.518075704574585,
      0.5193021893501282,
      0.5194175839424133,
      0.518054723739624,
      0.5188878774642944,
      0.518900990486145,
      0.518570601940155,
      0.5194244980812073,
      0.519007682800293,
      0.5186057090759277
    ],
    "val_loss": [
      0.5832976698875427,
      0.5353187322616577,
      0.5138275623321533,
      0.4989263117313385,
      0.4892955422401428,
      0.4871879518032074,
      0.4860100746154785,
      0.484884649515152,
      0.48465463519096375,
      0.48553338646888733,
      0.48157912492752075,
      0.48381316661834717,
      0.48398083448410034,
      0.4832494854927063,
      0.48238712549209595,
      0.4804399013519287,
      0.4798015058040619,
      0.48022353649139404,
      0.4804981052875519,
      0.4803294837474823,
      0.48032042384147644,
      0.4796539843082428,
      0.47912269830703735,
      0.47841677069664,
      0.47932925820350647,
      0.4796410799026489,
      0.477814644575119,
      0.47998863458633423,
      0.47890958189964294,
      0.47979679703712463,
      0.4786793291568756,
      0.4797881543636322,
      0.4776918590068817,
      0.4770323634147644,
      0.4780464470386505,
      0.4776745140552521,
      0.47759565711021423,
      0.47799286246299744,
      0.47883081436157227,
      0.4774227440357208,
      0.4779823124408722,
      0.4775017201900482,
      0.478358656167984,
      0.4777204990386963
    ],
    "mae": [
      0.6180516481399536,
      0.5950262546539307,
      0.5835986137390137,
      0.5772746205329895,
      0.5732859969139099,
      0.5714539289474487,
      0.5707822442054749,
      0.5696657299995422,
      0.5691759586334229,
      0.5684279799461365,
      0.5685871839523315,
      0.5673368573188782,
      0.5673387050628662,
      0.5666438341140747,
      0.5662412047386169,
      0.5659930109977722,
      0.5655937790870667,
      0.5649033784866333,
      0.565479576587677,
      0.5649861097335815,
      0.5645174384117126,
      0.5645077228546143,
      0.5643412470817566,
      0.564740002155304,
      0.5641096234321594,
      0.5631006360054016,
      0.5632094144821167,
      0.5635887980461121,
      0.5628411173820496,
      0.5630980134010315,
      0.5634032487869263,
      0.5628227591514587,
      0.5626058578491211,
      0.5626814365386963,
      0.5616856813430786,
      0.5624762773513794,
      0.5623835921287537,
      0.561813235282898,
      0.5621963143348694,
      0.562009334564209,
      0.5616424083709717,
      0.5624525547027588,
      0.5619926452636719,
      0.562227725982666
    ],
    "val_mae": [
      0.5976913571357727,
      0.5716080665588379,
      0.5596312284469604,
      0.5510668158531189,
      0.5456081032752991,
      0.5445045232772827,
      0.5438697338104248,
      0.5432247519493103,
      0.5431212186813354,
      0.5437573194503784,
      0.5415913462638855,
      0.5428665280342102,
      0.5429840683937073,
      0.5426259636878967,
      0.5421004295349121,
      0.5409528613090515,
      0.5406551361083984,
      0.5409249663352966,
      0.5411084890365601,
      0.541029691696167,
      0.5409601926803589,
      0.5407200455665588,
      0.5401773452758789,
      0.5398066639900208,
      0.5403810739517212,
      0.5403944253921509,
      0.5393391847610474,
      0.5406726598739624,
      0.5398748517036438,
      0.5405095219612122,
      0.5398193001747131,
      0.5404236316680908,
      0.5391870737075806,
      0.5387796759605408,
      0.5393841862678528,
      0.5391724705696106,
      0.5391051173210144,
      0.5393814444541931,
      0.539883553981781,
      0.5390344262123108,
      0.5393810868263245,
      0.5390936732292175,
      0.5396224856376648,
      0.5392257571220398
    ]
  },
  "input_features": 28,
  "encoding_dim": 10,
  "inference_count": 0,
  "anomaly_count": 0,
  "saved_at": "2025-07-01T13:51:12.427850"
}