{
  "config": {
    "model_path": "models/autoencoder_model",
    "input_features": 6,
    "encoding_dim": 3,
    "threshold": 3.0,
    "batch_size": 32,
    "epochs": 100
  },
  "threshold": 1.8,
  "threshold_history": [
    {
      "threshold": 1.8,
      "timestamp": "2025-07-02T14:41:19.848372",
      "data_size": 15000,
      "note": "Manually adjusted for practical use"
    }
  ],
  "training_history": {
    "loss": [
      0.9860394597053528,
      0.8970156908035278,
      0.8727037906646729,
      0.8522608280181885,
      0.8238537311553955,
      0.8128377795219421,
      0.8155502080917358,
      0.8132268786430359,
      0.809213399887085,
      0.8053799867630005,
      0.8029806017875671,
      0.8050976395606995,
      0.8030703663825989,
      0.8033974766731262,
      0.8031619191169739,
      0.8001272082328796,
      0.8028789162635803,
      0.7997288703918457,
      0.8033838868141174,
      0.8003480434417725,
      0.8014814257621765,
      0.8000167012214661,
      0.8001461029052734,
      0.8049615025520325,
      0.8018873929977417,
      0.8018571734428406,
      0.8041871786117554,
      0.8013138175010681,
      0.7971033453941345,
      0.8006224036216736,
      0.8017125725746155,
      0.8021485805511475,
      0.7995531558990479,
      0.7995943427085876,
      0.7977154850959778,
      0.79458087682724,
      0.799155592918396,
      0.802116870880127,
      0.8057698011398315,
      0.797604501247406,
      0.8025704026222229,
      0.7992348074913025,
      0.8034884333610535,
      0.8021975755691528,
      0.800121009349823,
      0.7992712259292603,
      0.8000542521476746,
      0.8039053678512573,
      0.8021639585494995,
      0.8009017109870911,
      0.7978339791297913,
      0.802168607711792,
      0.8040658235549927
    ],
    "val_loss": [
      0.8950138092041016,
      0.8445020914077759,
      0.8240897059440613,
      0.7787150144577026,
      0.7611299753189087,
      0.7519153356552124,
      0.7464094161987305,
      0.7445306181907654,
      0.7433462142944336,
      0.740679144859314,
      0.7352005839347839,
      0.739258885383606,
      0.7357142567634583,
      0.736823558807373,
      0.7382165789604187,
      0.7372560501098633,
      0.7349363565444946,
      0.735813558101654,
      0.7338539361953735,
      0.7355433702468872,
      0.7357308864593506,
      0.735055685043335,
      0.7341894507408142,
      0.7344273924827576,
      0.7342745065689087,
      0.7338887453079224,
      0.7326219081878662,
      0.7338552474975586,
      0.7342529296875,
      0.7335659861564636,
      0.7332438230514526,
      0.7330666780471802,
      0.7323750853538513,
      0.7329382300376892,
      0.733493983745575,
      0.7330635786056519,
      0.733150064945221,
      0.7323691248893738,
      0.7326330542564392,
      0.7333376407623291,
      0.7337381839752197,
      0.7326483726501465,
      0.7320968508720398,
      0.7324410080909729,
      0.7331652045249939,
      0.7331259846687317,
      0.7328876852989197,
      0.7328882813453674,
      0.7331352829933167,
      0.7331520915031433,
      0.7332993745803833,
      0.7326892614364624,
      0.7329732179641724
    ],
    "mae": [
      0.7853816747665405,
      0.7520655393600464,
      0.7405799031257629,
      0.7298154234886169,
      0.7106165289878845,
      0.7011241316795349,
      0.6996321678161621,
      0.6944791078567505,
      0.6908552050590515,
      0.6881745457649231,
      0.6857654452323914,
      0.6855257749557495,
      0.6842143535614014,
      0.6840484142303467,
      0.6827345490455627,
      0.6808286905288696,
      0.6816993951797485,
      0.6796011328697205,
      0.6807340383529663,
      0.6801149845123291,
      0.6808375120162964,
      0.6791473627090454,
      0.6792362928390503,
      0.6814186573028564,
      0.6793850660324097,
      0.6789221167564392,
      0.6801216006278992,
      0.6793813705444336,
      0.677028477191925,
      0.6785071492195129,
      0.6799046993255615,
      0.6800594329833984,
      0.6796013712882996,
      0.6783441305160522,
      0.677610456943512,
      0.6770575046539307,
      0.6779364943504333,
      0.679801881313324,
      0.6816396713256836,
      0.6780211329460144,
      0.6796240210533142,
      0.6787224411964417,
      0.6806708574295044,
      0.679890513420105,
      0.6791218519210815,
      0.6791332960128784,
      0.678342878818512,
      0.6805384159088135,
      0.6792172193527222,
      0.6794233322143555,
      0.6783510446548462,
      0.6808956861495972,
      0.6808477640151978
    ],
    "val_mae": [
      0.7544816732406616,
      0.7330945730209351,
      0.7241094708442688,
      0.6998950839042664,
      0.6862604022026062,
      0.6773526668548584,
      0.6713967323303223,
      0.668854832649231,
      0.6660829186439514,
      0.6628583073616028,
      0.6573618054389954,
      0.6603551506996155,
      0.6572974920272827,
      0.6587585210800171,
      0.6600685119628906,
      0.6588212251663208,
      0.6567098498344421,
      0.6572523713111877,
      0.6552357077598572,
      0.6572421193122864,
      0.6574050784111023,
      0.6565101146697998,
      0.6560435891151428,
      0.656350314617157,
      0.6561622023582458,
      0.6554981470108032,
      0.65449059009552,
      0.655625581741333,
      0.6559737920761108,
      0.6553401350975037,
      0.6551440954208374,
      0.6550182104110718,
      0.6543341875076294,
      0.6549282073974609,
      0.6554461121559143,
      0.6552212834358215,
      0.6554355621337891,
      0.6544950604438782,
      0.6547738313674927,
      0.6553937196731567,
      0.6557320952415466,
      0.6546644568443298,
      0.6542574167251587,
      0.6546024680137634,
      0.6552953124046326,
      0.6553025245666504,
      0.6550542712211609,
      0.6550512909889221,
      0.6552974581718445,
      0.6553316116333008,
      0.6554795503616333,
      0.65487140417099,
      0.6551544070243835
    ]
  },
  "input_features": 6,
  "encoding_dim": 3,
  "inference_count": 0,
  "anomaly_count": 0,
  "saved_at": "2025-07-02T14:41:20.122993"
}