{
    "threshold": 1.0833802620440616e-07,
    "validation_mse_stats": {
        "mean": 7.316713594486817e-08,
        "std": 1.6312652315629336e-06,
        "min": 1.234156755779565e-09,
        "max": 8.938544009357784e-05,
        "percentile_95": 1.0833802620440616e-07
    }
}